mfe_ABS-miR21bottomseal1,mfe_toeholdmir21-miR92topseal,mfe_miR92bottomseal2-end
0.0,-11.600000381469727,-2.200000047683716
0.0,-11.600000381469727,-4.300000190734863
0.0,-9.399999618530273,-1.7000000476837158
0.0,-16.100000381469727,-6.900000095367432
0.0,-11.5,-2.200000047683716
0.0,-17.200000762939453,-2.0
0.0,-10.0,-2.700000047683716
0.0,-13.199999809265137,-2.0
0.0,-13.0,-1.7000000476837158
0.0,-14.699999809265137,-3.4000000953674316
